CREATE TABLE users (
  -- id SERIAL PRIMARY KEY,
  -- industry_name varchar(255),
  -- surname varchar(255),
  -- fathername varchar(255),
  -- email varchar(255) ,
  -- company_name varchar(255) ,
  -- inn varchar(10) ,
  -- website varchar(255) ,
  -- industry varchar(255) ,
  -- country varchar(255) ,
  -- city varchar(255) ,
  job varchar(255) ,
  password varchar(255) 
);

CREATE TABLE industries (id SERIAL PRIMARY KEY, industry_name varchar(255));

CREATE TABLE subindustries (
  industry_id integer
  subindustry_name varchar(255),
  midsalary float,
  taxes float,
  earning_tax float,
  prop_tax float,
  land_tax float,
  ndfl float,
  transport_tax float,
  other_tax float,
  FOREIGN KEY (industry_id) REFERENCES industries (id);
);

INSERT INTO industries (id, industry_name) VALUES (1, 'Деревообрабатывающая');
INSERT INTO industries (id, industry_name) VALUES (2, 'Легкая промышленность');
INSERT INTO industries (id, industry_name) VALUES (3, 'Медицинская промышленность');
INSERT INTO industries (id, industry_name) VALUES (4, 'Металлургия и металлообработка');
INSERT INTO industries (id, industry_name) VALUES (5, 'Научная деятельность');
INSERT INTO industries (id, industry_name) VALUES (6, 'Общее машиностроение (в т.ч. оборудование пищевой переработки, дорожногстроительная и сельскохозяйственная техника)');
INSERT INTO industries (id, industry_name) VALUES (7, 'Пищевая промышленность');
INSERT INTO industries (id, industry_name) VALUES (8, 'Полиграфическая деятельность');
INSERT INTO industries (id, industry_name) VALUES (9, 'Производство оружия, боеприпасов, спецхимии, военных машин');
INSERT INTO industries (id, industry_name) VALUES (10, 'Производство прочих товаров народного потребления');
INSERT INTO industries (id, industry_name) VALUES (11, 'Производство строительных материалов');
INSERT INTO industries (id, industry_name) VALUES (12, 'Радиоэлектроника и приборостроение');
INSERT INTO industries (id, industry_name) VALUES (13, 'Топливно-энергетический комплекс');
INSERT INTO industries (id, industry_name) VALUES (14, 'Химическая промышленность');

CREATE TABLE users (
  -- id SERIAL PRIMARY KEY, 
  -- industry_name varchar(255), 
  -- surname varchar(255), 
  -- fathername varchar(255), 
  -- email varchar(255) , 
  -- company_name varchar(255) , 
  -- inn varchar(10) , 
  -- website varchar(255) , 
  -- industry varchar(255) , 
  -- country varchar(255) , 
  -- city varchar(255) , 
  job varchar(255) , 
  password varchar(255) 
);

CREATE TABLE industries (id SERIAL PRIMARY KEY,  industry_name text);

CREATE TABLE subindustries (
  industry_id integer, 
  subindustry_name varchar(255), 
  midsalary float, 
  total_tax float, 
  transport_tax float, 
  earning_tax float, 
  prop_tax float, 
  land_tax float, 
  ndfl float, 
  other_tax float, 
  FOREIGN KEY (industry_id) REFERENCES industries (id)
);

CREATE TABLE hardware (
  id SERIAL PRIMARY KEY,
  name VARCHAR(255),
  price float
);

INSERT INTO hardware VALUES (1, 'Токарные станки', 2590991.55),
(2, 'Сверлильные и расточные станки',	2558234.47),
(3, 'Фрезерные станки',	 3845923.27),
(4, 'Строгальные, долбёжные и протяжные станки',	 3150656.02),
(5, 'Шлифовальные, полировальные, доводочные станки',	 4481440.09),
(6, 'Зубообрабатывающие и резьбонарезные станки',	 5258960.28),
(7, 'Разрезные станки',	 562505.33),
(8, 'Кузнечно-прессовое оборудование',	 2829654.91),
(9, 'Электрофизическое, электрохимическое, лазерное оборудование', 9930022.79);


INSERT INTO subindustries VALUES (1, null,  39.6075438,  4512.048539, 1976.611994, 1370.309509, 4357.154245, 2703.145932, 48.84681167, 300.2571008),
(2, null, 36.58031474, 7819.563351, 3705.443015, 6260.656882, 3661.509929, 3782.605079, 100.1316166, 2055.664812),
(3, null, 72.33636818, 18774.58906, 14790.33055, 3865.421563, 16412.06535, 11688.1027,  63.08279954, 910.3803157),
(3, 'Фармацевтическая промышленность',  94.22041489, 72257.14651, 58241.33079, 14487.14449, 15558.95099, 29494.84408, 105.7813027, 722.0625109),
(4, 'Металлообработка', 57.04037963, 9738.448539, 3035.377265, 3708.493747, 2989.50007,  6498.515908, 122.5730184, 1181.92218),
(5, 'Аддитивные технологии',  75.14250328, 2713.84443,  1482.99842,  0, 0, 0, 0, 0.4),
(5, null, 87.79578278, 30496.23908, 7274.616382, 5933.704979, 9185.381734, 24558.50205, 149.0765091, 461.4911031),
(6, 'Производство ж/д транспорта',  86.98306629, 116875.3792, 56262.05573, 13334.6515,  4047.56, 57616.46776, 95.32807333, 931.080175),
(6, 'Производство машин и оборудования для сельского и лесного хозяйства',  104.3406099, 23627.45064, 3130.47147,  0, 0, 20347.55491, 135.42399, 14.00027),
(6, 'Производство машин и оборудования общего назначения',  67.43223229, 11908.08902, 4055.809639, 2332.467032, 0, 7344.543144, 50.84416583, 450.5250943),
(6, 'Производство прочих машин и оборудования общего назначения', 67.07786115, 20970.86517, 8565.747877, 2446.452717, 951.321175,  11988.60172, 78.87560649, 3603.354139),
(6, 'Автомобильная промышленность', 62.99125986, 92234.56629, 38225.64548, 2324.258583, 15237.68508, 58798.52874, 486.4050947, 671.4469931),
(6, 'Судостроение', 77.89527258, 101321.1776, 1527.87465,  2852.637125, 2072.75775,  85760.78911, 139.47732, 12975.43863),
(6, 'Производство прочих машин специального назначения',  57.80295412, 13830.64355, 4660.180092, 2715.70869,  1649.196,  7186.348212, 57.794996, 9224.292651),
(6, 'Авиационная промышленность', 86.77728799, 287638.6391, 97754.79493, 24929.36512, 44485.94553, 179633.4219, 1029.073867, 622.2951733),
(6, 'Станкоинструментальная промышленность',  70.76472969, 8674.687947, 1165.552862, 1400.837826, 2910.08167,  7043.801387, 57.69907333, 206.224),
(7, 'Иные отрасли', 58.63947199, 41437.585, 8741.997508, 7125.936726, 6289.875295, 33140.32723, 94.80776133, 1832.090609),
(7, 'Кондитерская отрасль',   35.22340108, 36320.60958, 6951.048398, 5967.771,  14481.9115,  28193.60143, 94.20975,  1817.867762),
(7, 'Корма для животных', 58.84298726, 17369.33956, 1524.873,  3034.84046,  0, 12419.50254, 1.72,  388.40356),
(7, 'Масложировая отрасль',   12.74292846, 48.005,  11.104,  0, 0, 36.901,  0, 0),
(7, 'Молочная отрасль',   46.1962358,  46533.61934, 11430.53292, 7982.39449,  2161.496345, 37601.59965, 341.4248378, 1745.076406),
(7, 'Мукомольно-крупяная отрасль',  52.1025776,  23994.43694, 12908.09448, 7895.338,  2818.151135, 10738.48872, 710.643, 5107.14188),
(7, 'Мясная отрасль',   51.52910468, 55076.95183, 7053.047895, 5373.671309, 9868.008,  43633.79943, 357.8583171, 5186.827301),
(7, 'Производство напитков',  58.63947199, 41437.585, 8741.997508, 7125.936726, 6289.875295, 33140.32723, 94.80776133, 1832.090609),
(7, 'Производство плодоовощных консервов',  45.05947929, 6311.251574, 3466.238542, 2517.33369,  0, 3315.021872, 82.96244,  539.41503),
(7, 'Рыбная отрасль', 35.94233245, 36178.50945, 18215.91471, 3310.02598,  388.094285,  17840.47083, 68.20719714, 688.7552943),
(7, 'Производство напитков',  55.26720576, 25773.8034,  4303.907073, 6428.81261,  17691.912, 18989.04504, 329.4238429, 3551.468465),
(7, 'Сахарная отрасль',   60.18607211, 619.30447, 28.567,  0, 0, 577.91747, 12.82, 0),
(7, 'Хлебопекарная отрасль',  47.41503762, 24924.00931, 8822.466666, 2429.57746,  1268.338429, 18107.49025, 70.51358706, 465.7213512),
(8, null, 34.29462508, 5144.692292, 2956.240115, 6099.354973, 6615.705991, 2575.381896, 72.94052459, 338.3993496),
(9, null, 91.75190787, 380651.6551, 268476.9147, 11835.14551, 9913.689409, 125145.6324, 445.0295023, 12606.37045),
(10, null, 39.68101514, 7857.915942, 5688.716413, 3364.019195, 1596.660254, 4094.184524, 48.88077154, 850.419276),
(11, null, 42.32607108, 10157.82115, 3709.861463, 3313.335881, 2926.38323,  6253.389621, 81.1885548,  899.2649798),
(12, 'Микроэлектроника', 93.28160951, 68349.20255, 20016.27012, 7763.93422,  6095.671309, 44388.68701, 99.65341615, 9769.481576),
(12, 'Приборостроение',  86.58564242, 48296.19772, 17171.83537, 6345.700905, 8778.72916,  32458.73606, 79.8031302,  537.9351124),
(12, 'Производство бытовой электроники и электрических приборов',  48.71873698, 5551.112461, 3746.64338,  1.91577, 0, 3077.154489, 30.642,  669.327416),
(12, 'Кабельная промышленность', 92.69132336, 53687.59537, 24811.42513, 2432.097143, 934.9733833, 28838.71956, 109.1673,  411.5285091),
(12, 'Электротехника', 62.45945319, 23443.83248, 8289.553475, 4318.300733, 6122.530495, 13238.32816, 74.5982825,  2966.024978),
(12, 'Электротехника/Судостроение',  39.34935073, 8081.54489,  851.03707, 0, 0, 6905.28982,  13.53111,  311.68689),
(13, null, 68.34698002, 37244.44921, 6804.831778, 5928.564908, 13010.47623, 28675.17569, 93.3685056,  1457.278987),
(14, null, 60.6865103,  22318.45837, 15001.69788, 1876.95623,  3416.764079, 9837.222453, 112.2840643, 1032.704345),
(14, 'Производство кокса и нефтепродуктов',  107.4618326, 915107.4563, 269282.611,  605683.1875, 1967.235,  219223.0467, 2033.707,  166860.3449);